datetime,open,high,low,close,volume
2024-11-14 01:00:00,0.5723,0.5791,0.5678,0.5772,8363633.6
2024-11-14 02:00:00,0.5773,0.5822,0.5702,0.5748,8870634.1
2024-11-14 03:00:00,0.5748,0.5759,0.5635,0.5727,13754571.3
2024-11-14 04:00:00,0.5725,0.5748,0.5653,0.5746,7985552.5
2024-11-14 05:00:00,0.5745,0.578,0.5709,0.5774,6053543.6
2024-11-14 06:00:00,0.5773,0.597,0.5716,0.5716,19887324.0
2024-11-14 07:00:00,0.5716,0.5816,0.5662,0.581,11076112.0
2024-11-14 08:00:00,0.581,0.5834,0.5757,0.5791,10964337.7
2024-11-14 09:00:00,0.5791,0.5814,0.5722,0.5788,6801676.5
2024-11-14 10:00:00,0.5788,0.582,0.5661,0.5666,11275298.6
2024-11-14 11:00:00,0.5667,0.5693,0.5565,0.5679,16451174.2
2024-11-14 12:00:00,0.5678,0.5689,0.5625,0.5673,9639356.9
2024-11-14 13:00:00,0.5672,0.5723,0.561,0.5624,14374854.2
2024-11-14 14:00:00,0.5623,0.5734,0.5441,0.5457,34157264.0
2024-11-14 15:00:00,0.5456,0.5545,0.5417,0.5482,21085740.2
2024-11-14 16:00:00,0.548,0.5598,0.5463,0.5576,15323278.1
2024-11-14 17:00:00,0.5576,0.5588,0.5533,0.5572,9043008.9
2024-11-14 18:00:00,0.5571,0.5622,0.554,0.5563,11401586.1
2024-11-14 19:00:00,0.5564,0.5652,0.5558,0.565,9937183.6
2024-11-14 20:00:00,0.5651,0.5683,0.5565,0.559,9634044.9
2024-11-14 21:00:00,0.5589,0.5849,0.5558,0.5813,24477807.3
2024-11-14 22:00:00,0.5814,0.6,0.5714,0.5783,38206702.4
2024-11-14 23:00:00,0.5783,0.5865,0.5679,0.5792,25225097.6
2024-11-15 00:00:00,0.579,0.5955,0.5775,0.5825,24576766.8
2024-11-15 01:00:00,0.5825,0.594,0.5747,0.5905,20801152.9
2024-11-15 02:00:00,0.5903,0.6013,0.5842,0.5958,20038354.0
2024-11-15 03:00:00,0.5958,0.5992,0.5896,0.5943,11309294.3
2024-11-15 04:00:00,0.5942,0.6037,0.5764,0.591,28635980.6
2024-11-15 05:00:00,0.591,0.605,0.5797,0.6033,20393924.8
2024-11-15 06:00:00,0.6034,0.6282,0.5922,0.5962,55777258.7
2024-11-15 07:00:00,0.5962,0.598,0.5876,0.5897,13788813.7
2024-11-15 08:00:00,0.5898,0.5952,0.5832,0.5929,12103618.8
2024-11-15 09:00:00,0.5929,0.6287,0.5916,0.6213,30173290.7
2024-11-15 10:00:00,0.6212,0.6299,0.6067,0.6126,36428522.4
2024-11-15 11:00:00,0.6125,0.6156,0.607,0.6135,15105701.2
2024-11-15 12:00:00,0.6136,0.6526,0.6134,0.6523,53183600.7
2024-11-15 13:00:00,0.6524,0.6965,0.6419,0.658,168086901.3
2024-11-15 14:00:00,0.658,0.6837,0.6547,0.6647,60288249.9
2024-11-15 15:00:00,0.6645,0.6705,0.637,0.6472,58174691.9
2024-11-15 16:00:00,0.6472,0.6687,0.6415,0.6635,36577885.3
2024-11-15 17:00:00,0.6635,0.6814,0.6593,0.666,33646341.9
2024-11-15 18:00:00,0.6659,0.6746,0.6606,0.6702,24434608.0
2024-11-15 19:00:00,0.6701,0.6826,0.659,0.6779,26035459.8
2024-11-15 20:00:00,0.6778,0.6845,0.6638,0.6677,33612610.5
2024-11-15 21:00:00,0.6678,0.6872,0.6612,0.6792,29502633.5
2024-11-15 22:00:00,0.6792,0.6868,0.6702,0.6756,21409431.3
2024-11-15 23:00:00,0.6753,0.7075,0.6748,0.7071,49791734.2
2024-11-16 00:00:00,0.7071,0.7483,0.7026,0.7098,107887390.2
2024-11-16 01:00:00,0.7097,0.7281,0.7061,0.7231,43607281.5
2024-11-16 02:00:00,0.7231,0.7411,0.7183,0.7407,37094532.3
2024-11-16 03:00:00,0.7407,0.75,0.7282,0.7459,38379320.9
2024-11-16 04:00:00,0.7458,0.7458,0.7259,0.7364,33800497.9
2024-11-16 05:00:00,0.7363,0.7587,0.73,0.7402,49065777.6
2024-11-16 06:00:00,0.7401,0.7509,0.7185,0.7216,33274551.4
2024-11-16 07:00:00,0.7215,0.7292,0.7138,0.7254,20486635.7
2024-11-16 08:00:00,0.7254,0.7296,0.7079,0.7218,38080803.0
2024-11-16 09:00:00,0.7218,0.758,0.7184,0.752,59293684.7
2024-11-16 10:00:00,0.7521,0.7805,0.7503,0.7753,78511193.9
2024-11-16 11:00:00,0.7752,0.7846,0.7379,0.7524,61122268.5
2024-11-16 12:00:00,0.7524,0.754,0.7322,0.7477,41637513.0
2024-11-16 13:00:00,0.7478,0.7755,0.742,0.7564,46666629.6
2024-11-16 14:00:00,0.7564,0.7781,0.7531,0.7779,42213818.9
2024-11-16 15:00:00,0.778,0.8193,0.7289,0.7454,181415061.9
2024-11-16 16:00:00,0.7454,0.7703,0.7393,0.7619,53468158.5
2024-11-16 17:00:00,0.7618,0.7623,0.7475,0.7512,33505109.5
2024-11-16 18:00:00,0.7514,0.7746,0.7507,0.7685,29552426.5
2024-11-16 19:00:00,0.7686,0.7722,0.7559,0.7588,24821000.5
2024-11-16 20:00:00,0.7588,0.7669,0.7502,0.7572,19850183.5
2024-11-16 21:00:00,0.7572,0.7672,0.7507,0.751,15838197.3
2024-11-16 22:00:00,0.7509,0.7545,0.7396,0.7403,16215904.6
2024-11-16 23:00:00,0.7403,0.7506,0.7307,0.7416,26136982.7
2024-11-17 00:00:00,0.7416,0.7798,0.7416,0.7541,65812342.1
2024-11-17 01:00:00,0.7541,0.7548,0.7,0.7115,59506594.8
2024-11-17 02:00:00,0.7116,0.7203,0.6893,0.7147,53726335.8
2024-11-17 03:00:00,0.7146,0.7203,0.7122,0.7149,13921608.3
2024-11-17 04:00:00,0.7149,0.7215,0.7059,0.7144,22943077.7
2024-11-17 05:00:00,0.7143,0.7207,0.7087,0.7093,18635805.5
2024-11-17 06:00:00,0.7092,0.7303,0.7071,0.7217,15653873.2
2024-11-17 07:00:00,0.7217,0.7293,0.7176,0.7178,15877637.5
2024-11-17 08:00:00,0.7178,0.7279,0.7142,0.7208,10830166.4
2024-11-17 09:00:00,0.7209,0.7294,0.7206,0.7255,18173945.5
2024-11-17 10:00:00,0.7255,0.7287,0.7189,0.7216,11718396.3
2024-11-17 11:00:00,0.7216,0.7216,0.7075,0.708,13317248.5
2024-11-17 12:00:00,0.708,0.7275,0.7064,0.7263,10738663.5
2024-11-17 13:00:00,0.7263,0.7336,0.72,0.7269,13186355.2
2024-11-17 14:00:00,0.7267,0.7319,0.72,0.7303,14921787.4
2024-11-17 15:00:00,0.7304,0.7311,0.7217,0.7254,10171435.2
2024-11-17 16:00:00,0.7255,0.7414,0.7244,0.74,13776969.7
2024-11-17 17:00:00,0.74,0.7484,0.7348,0.7429,17589628.0
2024-11-17 18:00:00,0.7428,0.7444,0.7212,0.7229,16989116.5
2024-11-17 19:00:00,0.723,0.7255,0.7104,0.7162,12549971.5
2024-11-17 20:00:00,0.7162,0.7213,0.7079,0.7142,8874898.5
2024-11-17 21:00:00,0.7142,0.716,0.7037,0.7039,9615191.5
2024-11-17 22:00:00,0.7039,0.7113,0.6976,0.7044,12562499.8
2024-11-17 23:00:00,0.7044,0.7105,0.6961,0.7026,13169188.0
2024-11-18 00:00:00,0.7026,0.7183,0.7002,0.7086,16481108.0
2024-11-18 01:00:00,0.7086,0.7443,0.7076,0.737,17852519.9
2024-11-18 02:00:00,0.737,0.7391,0.7248,0.7351,15573329.7
2024-11-18 03:00:00,0.735,0.7421,0.7278,0.737,16141265.3
2024-11-18 04:00:00,0.7371,0.7477,0.734,0.7422,19014831.0
2024-11-18 05:00:00,0.7423,0.763,0.7409,0.7571,28476769.4
2024-11-18 06:00:00,0.757,0.7802,0.7556,0.7689,41164714.5
2024-11-18 07:00:00,0.7687,0.7693,0.7558,0.7612,17281856.3
2024-11-18 08:00:00,0.7613,0.7839,0.7608,0.7683,28926762.6
2024-11-18 09:00:00,0.7683,0.779,0.7561,0.7584,20961618.0
2024-11-18 10:00:00,0.7583,0.7642,0.7566,0.7625,11140500.7
2024-11-18 11:00:00,0.7626,0.7645,0.7304,0.7346,31070578.9
2024-11-18 12:00:00,0.7346,0.7384,0.7275,0.7322,14237802.3
2024-11-18 13:00:00,0.7321,0.7354,0.7171,0.7276,19619815.7
2024-11-18 14:00:00,0.7276,0.744,0.726,0.7393,16209808.4
2024-11-18 15:00:00,0.7391,0.7693,0.7352,0.7649,21186089.7
2024-11-18 16:00:00,0.7648,0.7684,0.7361,0.7507,27613455.5
2024-11-18 17:00:00,0.7507,0.7567,0.7393,0.7508,17732167.5
2024-11-18 18:00:00,0.7508,0.7539,0.7377,0.7399,9353559.6
2024-11-18 19:00:00,0.7401,0.7421,0.7225,0.7364,15053032.4
2024-11-18 20:00:00,0.7363,0.7475,0.733,0.7389,13829612.4
2024-11-18 21:00:00,0.7389,0.7503,0.7373,0.7419,8790818.6
2024-11-18 22:00:00,0.7419,0.7482,0.7419,0.7429,4340428.5
2024-11-18 23:00:00,0.7429,0.748,0.7315,0.7325,10288683.3
2024-11-19 00:00:00,0.7324,0.7395,0.7287,0.7376,10581814.0
2024-11-19 01:00:00,0.7376,0.7417,0.7328,0.733,5578502.2
2024-11-19 02:00:00,0.733,0.7415,0.7318,0.7415,7282367.5
2024-11-19 03:00:00,0.7416,0.7543,0.7382,0.7527,8689617.2
2024-11-19 04:00:00,0.7527,0.7546,0.737,0.7391,10414180.6
2024-11-19 05:00:00,0.7392,0.7543,0.7365,0.7538,9392202.0
2024-11-19 06:00:00,0.7538,0.763,0.752,0.7627,13886055.5
2024-11-19 07:00:00,0.7626,0.765,0.7525,0.755,10739962.5
2024-11-19 08:00:00,0.755,0.7557,0.7451,0.7516,12994392.4
2024-11-19 09:00:00,0.7516,0.7539,0.7378,0.7387,12418672.8
2024-11-19 10:00:00,0.7386,0.7448,0.7353,0.7393,9012098.0
2024-11-19 11:00:00,0.7393,0.74,0.73,0.7379,12355035.5
2024-11-19 12:00:00,0.7378,0.7561,0.7375,0.7464,16646926.0
2024-11-19 13:00:00,0.7464,0.7487,0.7242,0.7246,21575219.5
2024-11-19 14:00:00,0.7246,0.734,0.7227,0.7264,16359174.5
2024-11-19 15:00:00,0.7266,0.7323,0.7235,0.7296,11216000.9
2024-11-19 16:00:00,0.7296,0.7374,0.7258,0.7315,8218802.4
2024-11-19 17:00:00,0.7315,0.7378,0.7279,0.7312,9765956.3
2024-11-19 18:00:00,0.7313,0.7442,0.7292,0.7433,13107636.1
2024-11-19 19:00:00,0.7434,0.752,0.7363,0.7462,15420997.5
2024-11-19 20:00:00,0.7463,0.7615,0.7446,0.7528,21191947.2
2024-11-19 21:00:00,0.7528,0.7547,0.7235,0.7375,22229889.5
2024-11-19 22:00:00,0.7374,0.7399,0.72,0.737,9895018.9
2024-11-19 23:00:00,0.737,0.7399,0.7307,0.7387,8034834.0
2024-11-20 00:00:00,0.7386,0.765,0.7384,0.7602,27980617.0
2024-11-20 01:00:00,0.7601,0.7773,0.7594,0.7706,35308210.3
2024-11-20 02:00:00,0.7705,0.7766,0.7583,0.7654,20707434.0
2024-11-20 03:00:00,0.7654,0.7706,0.75,0.7702,26106470.1
2024-11-20 04:00:00,0.7702,0.7861,0.761,0.7849,28368368.0
2024-11-20 05:00:00,0.7849,0.8039,0.775,0.7876,47530595.1
2024-11-20 06:00:00,0.7876,0.7973,0.7824,0.7866,19302952.8
2024-11-20 07:00:00,0.7866,0.7934,0.7807,0.789,13693017.0
2024-11-20 08:00:00,0.7889,0.8192,0.7863,0.8153,43244021.2
2024-11-20 09:00:00,0.8153,0.8484,0.8079,0.8288,89120597.9
2024-11-20 10:00:00,0.8288,0.845,0.8284,0.8382,31706112.5
2024-11-20 11:00:00,0.8383,0.8395,0.8204,0.8258,38480646.5
2024-11-20 12:00:00,0.8258,0.8343,0.8099,0.8192,41623708.0
2024-11-20 13:00:00,0.8192,0.8417,0.8163,0.8335,30341963.9
2024-11-20 14:00:00,0.8335,0.8435,0.8201,0.8292,34438459.3
2024-11-20 15:00:00,0.8292,0.8399,0.8183,0.8349,29681679.8
2024-11-20 16:00:00,0.8349,0.8429,0.8129,0.8248,38030386.1
2024-11-20 17:00:00,0.8247,0.8333,0.801,0.8011,28000486.2
2024-11-20 18:00:00,0.8012,0.8089,0.79,0.7932,30392631.7
2024-11-20 19:00:00,0.793,0.8019,0.7838,0.7987,16386333.3
2024-11-20 20:00:00,0.7986,0.8097,0.7914,0.8047,14931693.2
2024-11-20 21:00:00,0.8047,0.8157,0.7981,0.8093,15759098.7
2024-11-20 22:00:00,0.8092,0.8217,0.8062,0.8203,12938576.7
2024-11-20 23:00:00,0.8203,0.8204,0.796,0.8003,15624372.7
2024-11-21 00:00:00,0.8003,0.8191,0.7955,0.8038,19526927.0
2024-11-21 01:00:00,0.8038,0.8058,0.7906,0.7915,14816222.5
2024-11-21 02:00:00,0.7915,0.7917,0.7655,0.772,29682701.9
2024-11-21 03:00:00,0.772,0.7872,0.7691,0.776,20321134.8
2024-11-21 04:00:00,0.7759,0.8016,0.771,0.7955,25895559.1
2024-11-21 05:00:00,0.7955,0.7993,0.7805,0.785,21786338.6
2024-11-21 06:00:00,0.785,0.7937,0.7796,0.7814,16589132.6
2024-11-21 07:00:00,0.7815,0.787,0.7785,0.785,13527249.9
2024-11-21 08:00:00,0.7851,0.7875,0.7758,0.7814,16964375.5
2024-11-21 09:00:00,0.7815,0.7866,0.7709,0.7718,17011117.9
2024-11-21 10:00:00,0.7718,0.7851,0.7704,0.7842,13146467.3
2024-11-21 11:00:00,0.7841,0.7942,0.7836,0.7858,19132091.4
2024-11-21 12:00:00,0.7858,0.8099,0.7848,0.7963,31628058.5
2024-11-21 13:00:00,0.7962,0.8044,0.7918,0.7942,22532446.5
2024-11-21 14:00:00,0.7942,0.802,0.7823,0.7878,22318862.1
2024-11-21 15:00:00,0.7879,0.7899,0.77,0.7791,23629758.6
2024-11-21 16:00:00,0.7792,0.7889,0.7778,0.7883,11612024.1
2024-11-21 17:00:00,0.7884,0.8016,0.7877,0.8016,14095767.8
2024-11-21 18:00:00,0.8016,0.807,0.7806,0.8021,37166909.3
2024-11-21 19:00:00,0.802,0.8119,0.7923,0.796,28361208.7
2024-11-21 20:00:00,0.7959,0.8002,0.785,0.7912,19205151.6
2024-11-21 21:00:00,0.7911,0.8039,0.7875,0.8027,11226482.7
2024-11-21 22:00:00,0.8028,0.8195,0.8006,0.8174,19997079.8
2024-11-21 23:00:00,0.8173,0.8239,0.8097,0.8218,16528399.5
2024-11-22 00:00:00,0.8219,0.8467,0.8123,0.8265,41833834.0
2024-11-22 01:00:00,0.8266,0.8689,0.8223,0.8583,60489128.7
2024-11-22 02:00:00,0.8582,0.8877,0.8575,0.8689,54945121.9
2024-11-22 03:00:00,0.8689,0.88,0.865,0.8705,27931186.2
2024-11-22 04:00:00,0.8704,0.9,0.8673,0.8944,43065580.5
2024-11-22 05:00:00,0.8943,0.8943,0.8713,0.8799,24671115.5
2024-11-22 06:00:00,0.8798,0.8881,0.8718,0.8814,19699608.0
2024-11-22 07:00:00,0.8814,0.8838,0.8533,0.8554,28532766.6
2024-11-22 08:00:00,0.8555,0.872,0.855,0.8687,20237806.4
2024-11-22 09:00:00,0.8687,0.8694,0.8578,0.8591,13860259.1
2024-11-22 10:00:00,0.8591,0.8667,0.8518,0.8632,19202807.5
2024-11-22 11:00:00,0.8632,0.9176,0.8532,0.9139,50031142.4
2024-11-22 12:00:00,0.9139,0.9318,0.8971,0.9232,66933609.0
2024-11-22 13:00:00,0.9231,0.9237,0.8789,0.8931,70868395.2
2024-11-22 14:00:00,0.8932,0.9071,0.8821,0.8975,26170469.2
2024-11-22 15:00:00,0.8975,0.9296,0.894,0.9262,34847062.2
2024-11-22 16:00:00,0.9261,0.981,0.9234,0.9668,99880725.4
2024-11-22 17:00:00,0.9667,0.9818,0.9551,0.959,52342899.0
2024-11-22 18:00:00,0.959,0.9884,0.9551,0.9566,51905917.7
2024-11-22 19:00:00,0.9567,0.9723,0.9436,0.9675,29507661.8
2024-11-22 20:00:00,0.9675,0.99,0.9665,0.9794,31881457.7
2024-11-22 21:00:00,0.9794,0.99,0.9731,0.9825,24235141.2
2024-11-22 22:00:00,0.9824,1.044,0.9812,1.0265,102305077.5
2024-11-22 23:00:00,1.0266,1.0275,0.9902,1.0175,35987377.0
2024-11-23 00:00:00,1.0175,1.1542,1.0157,1.1154,127756179.0
2024-11-23 01:00:00,1.1152,1.1514,1.0933,1.1134,80416116.2
2024-11-23 02:00:00,1.1131,1.1157,1.0561,1.0748,60774857.1
2024-11-23 03:00:00,1.0747,1.1028,1.0692,1.0921,33680878.3
2024-11-23 04:00:00,1.0921,1.0936,1.0382,1.0762,46832535.1
2024-11-23 05:00:00,1.0762,1.1103,1.0722,1.0878,35181303.2
2024-11-23 06:00:00,1.0877,1.0993,1.0777,1.0892,17848452.3
2024-11-23 07:00:00,1.0891,1.1063,1.0827,1.0943,24662057.4
2024-11-23 08:00:00,1.0943,1.1096,1.0881,1.0928,32804122.2
2024-11-23 09:00:00,1.0927,1.1067,1.071,1.0773,26772263.0
2024-11-23 10:00:00,1.0772,1.0845,1.0657,1.0761,20417492.7
2024-11-23 11:00:00,1.0761,1.0919,1.0661,1.0849,18885073.8
2024-11-23 12:00:00,1.0848,1.0878,1.0602,1.0653,26551445.1
2024-11-23 13:00:00,1.0653,1.1031,1.064,1.0908,37113446.6
2024-11-23 14:00:00,1.0908,1.1234,1.0884,1.1131,33767298.8
2024-11-23 15:00:00,1.1134,1.148,1.097,1.1032,59048779.9
2024-11-23 16:00:00,1.1031,1.1296,1.041,1.0562,84432157.9
2024-11-23 17:00:00,1.0563,1.0742,1.0211,1.0619,47096611.5
2024-11-23 18:00:00,1.0617,1.0691,1.0443,1.0671,15042056.2
2024-11-23 19:00:00,1.0672,1.0721,1.0521,1.0668,14627424.2
2024-11-23 20:00:00,1.0668,1.0668,1.0292,1.0508,25904340.4
2024-11-23 21:00:00,1.0507,1.0806,1.0465,1.0806,16032165.6
2024-11-23 22:00:00,1.0806,1.0915,1.0632,1.0792,22121591.5
2024-11-23 23:00:00,1.0791,1.0827,1.0558,1.0658,11995058.7
2024-11-24 00:00:00,1.0659,1.0917,1.0523,1.0735,24704269.2
2024-11-24 01:00:00,1.0735,1.0836,1.0661,1.0761,12652885.8
2024-11-24 02:00:00,1.0761,1.0978,1.0707,1.0835,19389514.2
2024-11-24 03:00:00,1.0836,1.0959,1.0713,1.0817,16636497.5
2024-11-24 04:00:00,1.0817,1.0906,1.0567,1.0625,22161239.8
2024-11-24 05:00:00,1.0625,1.0689,1.0454,1.0583,17961938.6
2024-11-24 06:00:00,1.0583,1.0675,1.0496,1.0627,11145489.5
2024-11-24 07:00:00,1.0627,1.0735,1.0606,1.0729,10237583.5
2024-11-24 08:00:00,1.0728,1.078,1.0438,1.0452,15478821.5
2024-11-24 09:00:00,1.0456,1.0552,1.0376,1.0462,14326152.4
2024-11-24 10:00:00,1.0461,1.0554,1.0281,1.0353,19726458.3
2024-11-24 11:00:00,1.0352,1.0403,0.9986,1.0038,40349111.3
2024-11-24 12:00:00,1.0039,1.0204,0.9364,0.9761,74377496.2
2024-11-24 13:00:00,0.976,1.0135,0.9681,0.9973,34838503.2
2024-11-24 14:00:00,0.9972,0.9976,0.9701,0.9839,34765526.1
2024-11-24 15:00:00,0.9838,0.9872,0.9479,0.9485,36549707.2
2024-11-24 16:00:00,0.9485,0.9914,0.9396,0.9738,42801426.3
2024-11-24 17:00:00,0.9737,0.9751,0.959,0.9665,17011551.2
2024-11-24 18:00:00,0.9664,1.0038,0.9648,0.9929,24913883.3
2024-11-24 19:00:00,0.9928,0.9969,0.9786,0.9824,14342701.2
2024-11-24 20:00:00,0.9824,1.0081,0.978,1.0074,16852250.2
2024-11-24 21:00:00,1.0074,1.0241,0.9981,1.0234,17047527.2
2024-11-24 22:00:00,1.0234,1.0377,1.0153,1.0275,22842172.7
2024-11-24 23:00:00,1.0274,1.0388,1.0161,1.0226,20244471.6
2024-11-25 00:00:00,1.0228,1.0236,0.997,1.002,17588024.6
2024-11-25 01:00:00,1.002,1.0046,0.972,0.9873,21517819.7
2024-11-25 02:00:00,0.9872,0.9982,0.983,0.9881,9268065.4
2024-11-25 03:00:00,0.9882,1.0155,0.9876,1.0128,10342041.6
2024-11-25 04:00:00,1.0127,1.0778,1.0116,1.0375,40933942.9
2024-11-25 05:00:00,1.0376,1.0558,1.0353,1.0455,17706495.9
2024-11-25 06:00:00,1.0455,1.0528,1.0338,1.0366,13263406.5
2024-11-25 07:00:00,1.0367,1.0489,1.0238,1.0386,16350251.5
2024-11-25 08:00:00,1.0386,1.0712,1.0363,1.0665,21895417.0
2024-11-25 09:00:00,1.0667,1.073,1.0582,1.063,18896151.6
2024-11-25 10:00:00,1.063,1.0668,1.0457,1.0574,16402784.9
2024-11-25 11:00:00,1.0575,1.0647,1.0403,1.0484,13396341.2
2024-11-25 12:00:00,1.0485,1.0603,1.032,1.0329,16543688.3
2024-11-25 13:00:00,1.0329,1.0391,1.0058,1.0071,26510900.8
2024-11-25 14:00:00,1.0073,1.0189,0.983,0.9844,26301235.5
2024-11-25 15:00:00,0.9844,1.015,0.9711,1.0065,42102996.0
2024-11-25 16:00:00,1.0064,1.0196,0.9917,1.0013,36405572.4
2024-11-25 17:00:00,1.0013,1.0053,0.9782,0.989,21146313.7
2024-11-25 18:00:00,0.9891,1.0032,0.9858,0.9985,11932981.4
2024-11-25 19:00:00,0.9984,1.0174,0.9946,1.0031,16733731.4
2024-11-25 20:00:00,1.0033,1.0116,0.9959,1.003,12316902.1
2024-11-25 21:00:00,1.003,1.0125,0.9566,0.966,27300112.0
2024-11-25 22:00:00,0.9659,0.9711,0.9294,0.9578,35997220.0
2024-11-25 23:00:00,0.9579,0.9627,0.9423,0.9435,13318784.8
2024-11-26 00:00:00,0.9435,0.9722,0.9373,0.9565,25015141.8
2024-11-26 01:00:00,0.9565,0.9793,0.9558,0.9738,10322207.0
2024-11-26 02:00:00,0.9737,0.9815,0.9706,0.9788,14202347.7
2024-11-26 03:00:00,0.9788,0.9795,0.9641,0.9712,9201565.3
2024-11-26 04:00:00,0.9711,0.9761,0.9622,0.9682,6294145.0
2024-11-26 05:00:00,0.9682,0.9899,0.9667,0.9842,9237387.4
2024-11-26 06:00:00,0.9842,0.986,0.9711,0.9722,6618137.0
2024-11-26 07:00:00,0.9723,0.9724,0.9523,0.9594,14884986.4
2024-11-26 08:00:00,0.9596,0.9602,0.9225,0.9319,42617538.2
2024-11-26 09:00:00,0.9321,0.9511,0.9296,0.9456,16157231.4
2024-11-26 10:00:00,0.9456,0.9514,0.9104,0.9115,30903945.6
2024-11-26 11:00:00,0.9115,0.9179,0.8743,0.9051,72482659.0
2024-11-26 12:00:00,0.9051,0.9144,0.8881,0.8964,30469245.5
2024-11-26 13:00:00,0.8963,0.9217,0.8885,0.9085,22744973.8
2024-11-26 14:00:00,0.9086,0.9361,0.8981,0.9259,26486115.3
2024-11-26 15:00:00,0.926,0.9306,0.9067,0.9067,18774002.6
2024-11-26 16:00:00,0.9067,0.9439,0.9025,0.936,23261883.6
2024-11-26 17:00:00,0.9362,0.9365,0.9216,0.9253,9203540.5
2024-11-26 18:00:00,0.9255,0.928,0.8928,0.9084,17254637.6
2024-11-26 19:00:00,0.9085,0.944,0.9062,0.9409,20508886.5
2024-11-26 20:00:00,0.9408,0.9653,0.9312,0.9551,21303134.6
2024-11-26 21:00:00,0.9551,0.9621,0.941,0.9454,12011458.6
2024-11-26 22:00:00,0.9454,0.9655,0.9447,0.9501,11009920.6
2024-11-26 23:00:00,0.9497,0.9648,0.9473,0.9603,8227884.7
2024-11-27 00:00:00,0.9602,0.9732,0.934,0.9364,14542248.2
2024-11-27 01:00:00,0.9366,0.9579,0.9312,0.9518,11779096.5
2024-11-27 02:00:00,0.9518,0.9567,0.9376,0.9501,8256845.3
2024-11-27 03:00:00,0.9501,0.9523,0.9401,0.9483,7276710.7
2024-11-27 04:00:00,0.9481,0.974,0.9477,0.96,13952282.1
2024-11-27 05:00:00,0.9603,0.9635,0.9457,0.9576,7065991.7
2024-11-27 06:00:00,0.9577,0.9728,0.9558,0.9611,8636435.6
2024-11-27 07:00:00,0.9612,0.9878,0.9558,0.9829,17058965.1
2024-11-27 08:00:00,0.9829,0.9856,0.9687,0.9791,16659084.5
2024-11-27 09:00:00,0.9793,0.9955,0.9679,0.9916,19031891.4
2024-11-27 10:00:00,0.9918,1.0249,0.9838,1.0027,33619046.0
2024-11-27 11:00:00,1.0028,1.0145,0.9938,1.007,26875971.2
2024-11-27 12:00:00,1.007,1.0105,0.9772,0.988,24127942.9
2024-11-27 13:00:00,0.9879,1.0061,0.9836,1.0057,17481826.5
2024-11-27 14:00:00,1.0057,1.014,0.9919,1.0038,21239152.8
2024-11-27 15:00:00,1.0037,1.0419,0.9922,1.0341,28314848.7
2024-11-27 16:00:00,1.0342,1.0399,1.0041,1.0103,29118708.4
2024-11-27 17:00:00,1.0103,1.0261,1.0071,1.0229,11304589.5
2024-11-27 18:00:00,1.023,1.0309,1.0191,1.0235,13545895.7
2024-11-27 19:00:00,1.0234,1.027,1.0153,1.0179,9144789.0
2024-11-27 20:00:00,1.0178,1.038,1.0117,1.0159,14280354.3
2024-11-27 21:00:00,1.0161,1.0203,1.0069,1.0128,9572467.8
2024-11-27 22:00:00,1.0129,1.018,1.0009,1.0059,10105398.9
2024-11-27 23:00:00,1.006,1.0188,1.0025,1.0116,10508517.1
2024-11-28 00:00:00,1.0114,1.016,0.9956,1.015,13880215.5
2024-11-28 01:00:00,1.0149,1.028,1.01,1.0253,10321538.4
2024-11-28 02:00:00,1.0253,1.0309,1.0074,1.0103,9026678.8
2024-11-28 03:00:00,1.0101,1.0147,0.988,1.0061,14568783.2
2024-11-28 04:00:00,1.0061,1.0262,1.0022,1.0142,9975554.6
2024-11-28 05:00:00,1.0141,1.0172,1.0012,1.0074,5642388.4
2024-11-28 06:00:00,1.0074,1.0123,0.9995,1.0046,7393139.5
2024-11-28 07:00:00,1.0047,1.0115,0.9904,0.9966,9472440.1
2024-11-28 08:00:00,0.9966,1.0033,0.9877,0.9971,8774933.2
2024-11-28 09:00:00,0.9971,0.9979,0.9845,0.9848,7651303.2
2024-11-28 10:00:00,0.9849,0.9954,0.9816,0.9886,8769974.9
2024-11-28 11:00:00,0.9888,1.0022,0.9816,0.9973,9073566.5
2024-11-28 12:00:00,0.9971,1.0022,0.9899,0.9989,8955110.4
2024-11-28 13:00:00,0.9989,1.0087,0.991,1.0014,10946032.7
2024-11-28 14:00:00,1.0013,1.0095,0.9878,0.9935,15943817.4
2024-11-28 15:00:00,0.9937,0.9986,0.9693,0.9771,27370917.3
2024-11-28 16:00:00,0.9772,0.993,0.9771,0.9883,8573670.8
2024-11-28 17:00:00,0.9884,1.0055,0.9883,0.9981,9175411.9
2024-11-28 18:00:00,0.9982,1.0069,0.9982,1.0024,5503457.6
2024-11-28 19:00:00,1.0025,1.0041,0.9976,1.0021,4838166.0
2024-11-28 20:00:00,1.0022,1.0038,0.9956,1.0015,4544724.3
2024-11-28 21:00:00,1.0015,1.0149,1.0015,1.0129,9892667.4
2024-11-28 22:00:00,1.0128,1.0388,1.0101,1.0386,14490695.5
2024-11-28 23:00:00,1.0386,1.0491,1.0254,1.0321,20064481.9
2024-11-29 00:00:00,1.0321,1.0478,1.0274,1.0336,13977381.7
2024-11-29 01:00:00,1.0337,1.055,1.0333,1.0504,15783636.7
2024-11-29 02:00:00,1.0503,1.0623,1.0402,1.0538,14431123.3
2024-11-29 03:00:00,1.0537,1.0618,1.0446,1.0491,10459352.9
2024-11-29 04:00:00,1.049,1.0557,1.0413,1.0447,9317849.3
2024-11-29 05:00:00,1.0445,1.0481,1.0357,1.038,8630974.8
2024-11-29 06:00:00,1.038,1.0604,1.0365,1.0595,14887346.3
2024-11-29 07:00:00,1.0595,1.0782,1.045,1.0455,26774323.4
2024-11-29 08:00:00,1.0456,1.0598,1.0435,1.0558,11287241.2
2024-11-29 09:00:00,1.0559,1.0686,1.0481,1.0541,10608493.7
2024-11-29 10:00:00,1.0543,1.087,1.0533,1.0736,21889055.2
2024-11-29 11:00:00,1.0736,1.0757,1.0583,1.0644,17775675.4
2024-11-29 12:00:00,1.0643,1.0688,1.0561,1.0643,11007835.5
2024-11-29 13:00:00,1.0642,1.0656,1.0539,1.0616,12367512.6
2024-11-29 14:00:00,1.0617,1.0793,1.0585,1.0793,13351701.0
2024-11-29 15:00:00,1.0793,1.0996,1.0653,1.0752,34607999.1
2024-11-29 16:00:00,1.0753,1.0825,1.05,1.0552,20270951.5
2024-11-29 17:00:00,1.0551,1.0563,1.0434,1.046,15693943.8
2024-11-29 18:00:00,1.046,1.0502,1.0405,1.0451,11207162.8
2024-11-29 19:00:00,1.0451,1.0533,1.0378,1.0509,11239932.8
2024-11-29 20:00:00,1.051,1.0626,1.0433,1.0459,12660278.7
2024-11-29 21:00:00,1.046,1.0581,1.0437,1.0532,10317877.5
2024-11-29 22:00:00,1.0532,1.0593,1.0512,1.0571,7652014.0
2024-11-29 23:00:00,1.0571,1.0859,1.0568,1.0755,15038061.3
2024-11-30 00:00:00,1.0754,1.0883,1.0498,1.0582,22427376.6
2024-11-30 01:00:00,1.0582,1.0886,1.0505,1.0711,14363890.1
2024-11-30 02:00:00,1.0709,1.0748,1.0545,1.0636,8922228.6
2024-11-30 03:00:00,1.0634,1.0714,1.055,1.0695,8267493.8
2024-11-30 04:00:00,1.0697,1.0702,1.06,1.0629,7447440.4
2024-11-30 05:00:00,1.0629,1.0896,1.0614,1.0783,18905596.1
2024-11-30 06:00:00,1.0783,1.1214,1.0761,1.0983,41601405.2
2024-11-30 07:00:00,1.0986,1.1455,1.0939,1.1297,41676991.0
2024-11-30 08:00:00,1.1297,1.1498,1.1142,1.1177,37245167.9
2024-11-30 09:00:00,1.1177,1.1205,1.1005,1.106,23667981.9
2024-11-30 10:00:00,1.106,1.1065,1.0781,1.0834,21602962.1
2024-11-30 11:00:00,1.0835,1.0957,1.0797,1.095,14180050.6
2024-11-30 12:00:00,1.095,1.0959,1.0703,1.0807,16197226.0
2024-11-30 13:00:00,1.0806,1.0842,1.0672,1.0749,11257331.0
2024-11-30 14:00:00,1.0748,1.09,1.0735,1.079,11933943.0
2024-11-30 15:00:00,1.0791,1.095,1.0747,1.0922,9538489.9
2024-11-30 16:00:00,1.0921,1.0954,1.0781,1.0881,7625980.4
2024-11-30 17:00:00,1.0882,1.0925,1.0801,1.0885,5808857.3
2024-11-30 18:00:00,1.0886,1.0925,1.0803,1.0857,5950508.1
2024-11-30 19:00:00,1.0856,1.0892,1.0803,1.0858,4922363.1
2024-11-30 20:00:00,1.0857,1.092,1.0836,1.0891,6145861.4
2024-11-30 21:00:00,1.0891,1.097,1.0879,1.0908,8784388.0
2024-11-30 22:00:00,1.0909,1.0952,1.072,1.0768,14684970.1
2024-11-30 23:00:00,1.0768,1.0832,1.0735,1.079,6401796.6
2024-12-01 00:00:00,1.079,1.0853,1.0586,1.0616,13424356.1
2024-12-01 01:00:00,1.0616,1.0695,1.0476,1.0607,17214196.0
2024-12-01 02:00:00,1.0606,1.0624,1.0375,1.0395,15820893.4
2024-12-01 03:00:00,1.0395,1.0553,1.0395,1.051,7043436.7
2024-12-01 04:00:00,1.0512,1.0548,1.0439,1.0546,6187976.4
2024-12-01 05:00:00,1.0545,1.0567,1.0439,1.044,7307538.8
2024-12-01 06:00:00,1.044,1.056,1.0434,1.0528,5605540.6
2024-12-01 07:00:00,1.0528,1.0604,1.0515,1.0561,6036564.9
2024-12-01 08:00:00,1.0562,1.0739,1.0554,1.0721,14240471.4
2024-12-01 09:00:00,1.0721,1.0778,1.066,1.0695,8916188.5
2024-12-01 10:00:00,1.0693,1.0725,1.0604,1.0696,8192596.3
2024-12-01 11:00:00,1.0695,1.0729,1.0657,1.0715,5609208.4
2024-12-01 12:00:00,1.0715,1.0737,1.0569,1.0599,7507789.2
2024-12-01 13:00:00,1.0599,1.0715,1.0578,1.066,6048271.1
2024-12-01 14:00:00,1.066,1.0696,1.061,1.0667,6976681.0
2024-12-01 15:00:00,1.0667,1.0747,1.0607,1.0735,9923595.8
2024-12-01 16:00:00,1.0733,1.0757,1.0633,1.0641,9431819.4
2024-12-01 17:00:00,1.064,1.0754,1.0557,1.0714,7121045.9
2024-12-01 18:00:00,1.0714,1.0736,1.0662,1.0676,4724671.2
2024-12-01 19:00:00,1.0676,1.0984,1.0652,1.0939,25611137.3
2024-12-01 20:00:00,1.0939,1.1169,1.0741,1.1165,38589849.8
2024-12-01 21:00:00,1.1166,1.1629,1.1069,1.1345,74979981.4
2024-12-01 22:00:00,1.1345,1.1467,1.1106,1.1256,32895174.8
2024-12-01 23:00:00,1.1256,1.1633,1.1234,1.1496,33444701.4
2024-12-02 00:00:00,1.1497,1.1734,1.1278,1.1481,47272676.7
2024-12-02 01:00:00,1.148,1.1911,1.1451,1.1741,47665129.9
2024-12-02 02:00:00,1.1741,1.1784,1.139,1.161,25266825.6
2024-12-02 03:00:00,1.1607,1.185,1.1255,1.1394,34251328.1
2024-12-02 04:00:00,1.1393,1.1517,1.116,1.1404,35549568.9
2024-12-02 05:00:00,1.1403,1.1684,1.1359,1.1526,19464237.6
2024-12-02 06:00:00,1.1526,1.159,1.121,1.1533,23485280.8
2024-12-02 07:00:00,1.1532,1.1598,1.1277,1.1412,23699695.9
2024-12-02 08:00:00,1.1411,1.1577,1.0759,1.083,57434754.4
2024-12-02 09:00:00,1.0827,1.1065,1.0753,1.0998,25654204.6
2024-12-02 10:00:00,1.0997,1.1001,1.0595,1.0617,24094362.3
2024-12-02 11:00:00,1.0618,1.0821,1.0567,1.0727,19275960.8
2024-12-02 12:00:00,1.073,1.1028,1.068,1.0786,20712533.4
2024-12-02 13:00:00,1.0786,1.1106,1.0756,1.0999,22885722.1
2024-12-02 14:00:00,1.0999,1.1509,1.0904,1.133,36066117.9
2024-12-02 15:00:00,1.1331,1.2259,1.1291,1.2061,125115485.3
2024-12-02 16:00:00,1.206,1.2424,1.1794,1.2123,97241745.8
2024-12-02 17:00:00,1.2127,1.2248,1.1554,1.165,53564401.0
2024-12-02 18:00:00,1.1651,1.2034,1.164,1.1957,26407398.6
2024-12-02 19:00:00,1.1956,1.2229,1.1753,1.2187,24115848.6
2024-12-02 20:00:00,1.2186,1.2339,1.1959,1.1997,31370617.9
2024-12-02 21:00:00,1.1996,1.2026,1.175,1.1938,18233242.6
2024-12-02 22:00:00,1.1937,1.1964,1.175,1.1918,12085770.9
2024-12-02 23:00:00,1.1917,1.2091,1.1885,1.2022,16038844.7
2024-12-03 00:00:00,1.2022,1.2232,1.1833,1.2171,25950154.6
2024-12-03 01:00:00,1.217,1.3081,1.2145,1.2921,101795377.8
2024-12-03 02:00:00,1.2921,1.2946,1.2625,1.2699,31469483.3
2024-12-03 03:00:00,1.27,1.3264,1.2627,1.298,44828483.2
2024-12-03 04:00:00,1.298,1.305,1.2745,1.2827,23859685.9
2024-12-03 05:00:00,1.2827,1.3078,1.2752,1.2964,20519603.4
2024-12-03 06:00:00,1.2964,1.3124,1.265,1.271,33209912.5
2024-12-03 07:00:00,1.2709,1.3055,1.2524,1.2687,48585802.8
2024-12-03 08:00:00,1.2687,1.2928,1.257,1.2918,20031173.1
2024-12-03 09:00:00,1.2917,1.2936,1.2654,1.2667,23053594.7
2024-12-03 10:00:00,1.2666,1.2792,1.23,1.2371,28098392.0
2024-12-03 11:00:00,1.2372,1.2867,1.2352,1.2843,28897130.1
2024-12-03 12:00:00,1.2842,1.2946,1.251,1.2651,27519685.3
2024-12-03 13:00:00,1.2652,1.2678,1.1609,1.1897,63754128.8
2024-12-03 14:00:00,1.1897,1.2193,1.1401,1.1995,86525757.1
2024-12-03 15:00:00,1.1997,1.2096,1.1768,1.1974,36387732.9
2024-12-03 16:00:00,1.1974,1.2257,1.1838,1.1877,36041974.2
2024-12-03 17:00:00,1.1876,1.2058,1.1767,1.2013,18474457.7
2024-12-03 18:00:00,1.2014,1.2099,1.1969,1.1993,12470136.0
2024-12-03 19:00:00,1.1992,1.1994,1.1671,1.189,17110954.0
2024-12-03 20:00:00,1.189,1.2092,1.1831,1.2036,12635962.6
2024-12-03 21:00:00,1.2035,1.2346,1.2005,1.2099,24809995.1
2024-12-03 22:00:00,1.2099,1.224,1.1929,1.2224,14897109.8
2024-12-03 23:00:00,1.2225,1.2239,1.1841,1.1914,21224694.3
2024-12-04 00:00:00,1.1915,1.2136,1.1788,1.1865,24414840.6
2024-12-04 01:00:00,1.1866,1.2162,1.1796,1.2084,15895813.5
2024-12-04 02:00:00,1.2083,1.2088,1.1844,1.1958,11300090.5
2024-12-04 03:00:00,1.1957,1.2202,1.1954,1.2091,12600443.3
2024-12-04 04:00:00,1.209,1.2175,1.2086,1.2163,7773397.7
2024-12-04 05:00:00,1.2164,1.2405,1.2121,1.2385,14929691.8
2024-12-04 06:00:00,1.2385,1.2386,1.2208,1.2296,10687797.7
2024-12-04 07:00:00,1.2296,1.236,1.2234,1.2288,9811136.8
2024-12-04 08:00:00,1.2289,1.2375,1.221,1.2327,12591734.9
2024-12-04 09:00:00,1.2327,1.2378,1.2163,1.2204,11556479.6
2024-12-04 10:00:00,1.2205,1.2362,1.2172,1.2237,11992399.7
2024-12-04 11:00:00,1.2235,1.2417,1.2205,1.2237,11542359.5
2024-12-04 12:00:00,1.2236,1.2284,1.1942,1.2046,20049770.0
2024-12-04 13:00:00,1.2046,1.2146,1.191,1.2016,14840335.5
2024-12-04 14:00:00,1.2016,1.218,1.1845,1.1935,21131437.6
2024-12-04 15:00:00,1.1934,1.2079,1.1838,1.1905,19990689.7
2024-12-04 16:00:00,1.1905,1.1937,1.1403,1.1465,41196105.1
2024-12-04 17:00:00,1.1466,1.1691,1.142,1.1672,20313890.4
2024-12-04 18:00:00,1.1672,1.1819,1.1667,1.1746,16355373.7
2024-12-04 19:00:00,1.1744,1.1961,1.1725,1.1901,14937525.5
2024-12-04 20:00:00,1.1902,1.2099,1.1725,1.1911,20731698.8
2024-12-04 21:00:00,1.1911,1.2088,1.1817,1.1929,16835039.8
2024-12-04 22:00:00,1.1929,1.2047,1.1836,1.187,8190653.5
2024-12-04 23:00:00,1.187,1.1961,1.1634,1.1871,13682206.9
2024-12-05 00:00:00,1.1871,1.1893,1.1589,1.1619,17020832.5
2024-12-05 01:00:00,1.1619,1.1628,1.1138,1.1311,37320363.6
2024-12-05 02:00:00,1.1311,1.1877,1.1297,1.1793,24111096.6
2024-12-05 03:00:00,1.1794,1.2393,1.1712,1.1821,43810674.7
2024-12-05 04:00:00,1.182,1.2133,1.1728,1.2065,17479242.9
2024-12-05 05:00:00,1.2065,1.2118,1.182,1.1946,14248857.7
2024-12-05 06:00:00,1.1946,1.2037,1.1801,1.1889,10619891.9
2024-12-05 07:00:00,1.1889,1.208,1.1886,1.206,9910178.6
2024-12-05 08:00:00,1.2061,1.2375,1.2051,1.222,22682565.9
2024-12-05 09:00:00,1.2221,1.2255,1.2132,1.2167,9000714.4
2024-12-05 10:00:00,1.2168,1.2299,1.2126,1.2211,9031401.3
2024-12-05 11:00:00,1.2212,1.2321,1.2177,1.2237,9589206.0
2024-12-05 12:00:00,1.2237,1.2335,1.211,1.2175,10967572.2
2024-12-05 13:00:00,1.2174,1.2278,1.2068,1.2113,8864897.5
2024-12-05 14:00:00,1.2113,1.2255,1.1992,1.2042,14198723.0
2024-12-05 15:00:00,1.2043,1.213,1.18,1.2105,18784913.4
2024-12-05 16:00:00,1.2109,1.2445,1.2048,1.2316,22777737.3
2024-12-05 17:00:00,1.2316,1.2336,1.2141,1.228,9916352.8
2024-12-05 18:00:00,1.2281,1.2377,1.2166,1.2176,9719599.0
2024-12-05 19:00:00,1.2176,1.2219,1.1854,1.1888,12935421.4
2024-12-05 20:00:00,1.1888,1.1941,1.164,1.1832,26202013.7
2024-12-05 21:00:00,1.1832,1.1912,1.1737,1.1896,9027160.3
2024-12-05 22:00:00,1.1895,1.2037,1.1409,1.1806,26224254.6
2024-12-05 23:00:00,1.1807,1.1809,1.1498,1.1597,19242478.5
2024-12-06 00:00:00,1.1599,1.1804,1.1517,1.1791,16444946.8
2024-12-06 01:00:00,1.179,1.1886,1.1692,1.1802,15191995.8
2024-12-06 02:00:00,1.1803,1.1962,1.1727,1.187,10891455.4
2024-12-06 03:00:00,1.1871,1.1915,1.1767,1.1883,7668677.8
2024-12-06 04:00:00,1.1884,1.1949,1.1844,1.1915,6174734.5
2024-12-06 05:00:00,1.1915,1.198,1.1856,1.1888,5463527.2
2024-12-06 06:00:00,1.1889,1.2008,1.1847,1.1984,7774579.3
2024-12-06 07:00:00,1.1986,1.1989,1.1871,1.1886,5769880.4
2024-12-06 08:00:00,1.1885,1.1933,1.1741,1.1749,10530343.6
2024-12-06 09:00:00,1.1749,1.1758,1.1558,1.1612,15422537.2
2024-12-06 10:00:00,1.1611,1.164,1.1492,1.1616,17301238.2
2024-12-06 11:00:00,1.1616,1.165,1.1548,1.1618,6699791.0
2024-12-06 12:00:00,1.1617,1.1744,1.14,1.1418,14278490.5
2024-12-06 13:00:00,1.1419,1.1758,1.1336,1.1655,28739313.6
2024-12-06 14:00:00,1.1654,1.1815,1.1527,1.1807,14033179.4
2024-12-06 15:00:00,1.1807,1.2245,1.169,1.2059,37798217.4
2024-12-06 16:00:00,1.2059,1.2159,1.1965,1.2034,18794385.0
2024-12-06 17:00:00,1.2034,1.2222,1.2005,1.2107,12568454.0
2024-12-06 18:00:00,1.2107,1.2258,1.2094,1.2195,10768571.9
2024-12-06 19:00:00,1.2195,1.2304,1.2155,1.2243,10085679.8
2024-12-06 20:00:00,1.2244,1.2299,1.213,1.2193,9014226.2
2024-12-06 21:00:00,1.2193,1.2257,1.212,1.2127,7340501.5
2024-12-06 22:00:00,1.2127,1.2375,1.2102,1.2357,10913596.8
2024-12-06 23:00:00,1.2357,1.236,1.2157,1.2278,12119164.4
2024-12-07 00:00:00,1.2278,1.236,1.2197,1.2271,8573142.6
2024-12-07 01:00:00,1.2271,1.2369,1.2169,1.2217,9510955.0
2024-12-07 02:00:00,1.2214,1.2269,1.2126,1.2129,5956618.9
2024-12-07 03:00:00,1.2129,1.2164,1.1982,1.2024,8194183.7
2024-12-07 04:00:00,1.2024,1.216,1.1991,1.2122,5455088.7
2024-12-07 05:00:00,1.2122,1.2125,1.2007,1.2051,3517087.3
2024-12-07 06:00:00,1.205,1.2157,1.2026,1.2069,5180352.9
2024-12-07 07:00:00,1.207,1.2147,1.2001,1.2094,7252905.9
2024-12-07 08:00:00,1.2095,1.217,1.2045,1.205,6691702.9
2024-12-07 09:00:00,1.2051,1.2147,1.2002,1.202,6957606.9
2024-12-07 10:00:00,1.202,1.2062,1.1881,1.1958,9056377.7
2024-12-07 11:00:00,1.1959,1.2108,1.195,1.206,6418874.5
2024-12-07 12:00:00,1.206,1.2112,1.2027,1.2077,4193222.5
2024-12-07 13:00:00,1.2076,1.214,1.2032,1.2067,5390205.4
2024-12-07 14:00:00,1.2066,1.214,1.1976,1.2118,7158976.2
2024-12-07 15:00:00,1.2118,1.22,1.2074,1.2194,10653639.9
2024-12-07 16:00:00,1.2194,1.228,1.2035,1.2075,13902156.0
2024-12-07 17:00:00,1.2076,1.2085,1.194,1.1972,8313682.1
2024-12-07 18:00:00,1.1972,1.2133,1.1968,1.2127,5804456.5
2024-12-07 19:00:00,1.2127,1.2166,1.1995,1.2081,7837513.2
2024-12-07 20:00:00,1.2082,1.216,1.2078,1.2116,5941092.3
2024-12-07 21:00:00,1.2116,1.212,1.2017,1.2019,4252914.7
2024-12-07 22:00:00,1.2019,1.2068,1.2001,1.2006,3650076.8
2024-12-07 23:00:00,1.2006,1.2188,1.2003,1.2103,5554990.3
2024-12-08 00:00:00,1.2103,1.2168,1.2021,1.2137,4886447.0
2024-12-08 01:00:00,1.2137,1.224,1.2055,1.2078,8562970.4
2024-12-08 02:00:00,1.2078,1.2191,1.2016,1.2143,7361734.4
2024-12-08 03:00:00,1.2142,1.2224,1.2083,1.2084,5637033.7
2024-12-08 04:00:00,1.2084,1.2141,1.2003,1.2013,8078581.1
2024-12-08 05:00:00,1.2013,1.2036,1.1823,1.1859,25206574.5
2024-12-08 06:00:00,1.1859,1.1967,1.1797,1.1965,13268662.9
2024-12-08 07:00:00,1.1966,1.206,1.1947,1.2022,5424384.2
2024-12-08 08:00:00,1.2023,1.2044,1.1793,1.1794,11065214.8
2024-12-08 09:00:00,1.1794,1.1973,1.1723,1.1814,10474211.6
2024-12-08 10:00:00,1.1815,1.206,1.1815,1.2058,9473535.9
2024-12-08 11:00:00,1.2058,1.22,1.2026,1.2073,23979627.0
2024-12-08 12:00:00,1.2073,1.2091,1.1969,1.2075,7446351.0
2024-12-08 13:00:00,1.2074,1.2164,1.2039,1.2154,7672202.1
2024-12-08 14:00:00,1.2154,1.2157,1.186,1.189,13810238.8
2024-12-08 15:00:00,1.1892,1.1963,1.18,1.1875,20294908.4
2024-12-08 16:00:00,1.1876,1.1956,1.1813,1.1847,10806641.7
2024-12-08 17:00:00,1.1847,1.1933,1.1804,1.1924,8110472.9
2024-12-08 18:00:00,1.1924,1.1943,1.1794,1.1795,10492535.5
2024-12-08 19:00:00,1.1795,1.1849,1.1754,1.182,16089978.4
2024-12-08 20:00:00,1.1819,1.1831,1.1764,1.1779,9561849.1
2024-12-08 21:00:00,1.1779,1.1839,1.1744,1.1837,8621933.0
2024-12-08 22:00:00,1.1837,1.1925,1.1808,1.1915,4169089.5
2024-12-08 23:00:00,1.1915,1.1988,1.1873,1.1936,5152990.4
2024-12-09 00:00:00,1.1936,1.1936,1.1651,1.1733,14464634.3
2024-12-09 01:00:00,1.1732,1.1826,1.1658,1.1675,7530155.0
2024-12-09 02:00:00,1.1675,1.1737,1.16,1.1662,11581480.3
2024-12-09 03:00:00,1.1662,1.1715,1.1501,1.1636,10300762.6
2024-12-09 04:00:00,1.1635,1.1699,1.1541,1.1666,5394141.8
2024-12-09 05:00:00,1.1666,1.1789,1.1665,1.1762,5793754.7
2024-12-09 06:00:00,1.1763,1.1776,1.152,1.1542,6956302.6
2024-12-09 07:00:00,1.1542,1.1635,1.1393,1.1568,19447430.5
2024-12-09 08:00:00,1.1567,1.157,1.1185,1.1224,25955206.5
2024-12-09 09:00:00,1.1224,1.1358,1.1052,1.1213,27275014.4
2024-12-09 10:00:00,1.1213,1.1338,1.1201,1.1323,9840247.6
2024-12-09 11:00:00,1.1322,1.1324,1.0991,1.1034,22728657.5
2024-12-09 12:00:00,1.1034,1.1179,1.0935,1.1165,19873537.1
2024-12-09 13:00:00,1.1164,1.1405,1.1093,1.1373,15452607.4
2024-12-09 14:00:00,1.1374,1.151,1.1237,1.1466,15222609.8
2024-12-09 15:00:00,1.1467,1.151,1.1094,1.1152,21770914.3
2024-12-09 16:00:00,1.1152,1.1319,1.1095,1.1221,8519169.4
2024-12-09 17:00:00,1.122,1.1333,1.1148,1.1152,6460395.6
2024-12-09 18:00:00,1.1152,1.127,1.1143,1.1158,6021628.8
2024-12-09 19:00:00,1.1159,1.1187,1.1056,1.107,8262264.3
2024-12-09 20:00:00,1.1069,1.1093,1.0327,1.0433,68538368.3
2024-12-09 21:00:00,1.0433,1.0455,0.91,0.9973,143685889.2
2024-12-09 22:00:00,0.9973,1.0174,0.92,1.0159,102332134.9
2024-12-09 23:00:00,1.016,1.017,0.9928,1.0034,35123628.1
2024-12-10 00:00:00,1.0035,1.0363,0.9768,1.025,42059958.2
2024-12-10 01:00:00,1.0249,1.031,1.0006,1.0242,21625805.1
2024-12-10 02:00:00,1.0242,1.0243,0.9808,0.9816,22587854.6
2024-12-10 03:00:00,0.9816,0.9938,0.9438,0.9913,47041806.8
2024-12-10 04:00:00,0.9914,1.0089,0.9646,1.0068,29616557.6
2024-12-10 05:00:00,1.0068,1.0165,0.9963,1.0075,18220122.1
2024-12-10 06:00:00,1.0074,1.0233,0.9993,1.0127,20779915.3
2024-12-10 07:00:00,1.0127,1.0171,1.0025,1.0152,13438122.9
2024-12-10 08:00:00,1.0151,1.0174,0.9979,1.0126,17387467.5
2024-12-10 09:00:00,1.0127,1.0251,1.0072,1.0165,16858258.1
2024-12-10 10:00:00,1.0164,1.0378,1.016,1.0278,18798076.1
2024-12-10 11:00:00,1.0277,1.0279,1.0125,1.0188,12298445.9
2024-12-10 12:00:00,1.0189,1.0224,0.9698,0.9763,27225700.3
2024-12-10 13:00:00,0.9762,1.004,0.9743,0.9956,18152860.3
2024-12-10 14:00:00,0.9957,1.0228,0.993,1.0098,22538829.3
2024-12-10 15:00:00,1.0097,1.0154,0.9473,0.9487,49042245.1
2024-12-10 16:00:00,0.9488,0.9729,0.9262,0.9695,57765277.8
2024-12-10 17:00:00,0.9694,0.9704,0.9149,0.9149,33206012.4
2024-12-10 18:00:00,0.915,0.9558,0.91,0.9473,30646338.4
2024-12-10 19:00:00,0.9474,0.9675,0.946,0.9645,18581918.3
2024-12-10 20:00:00,0.9646,0.9869,0.9596,0.9844,22036002.2
2024-12-10 21:00:00,0.9844,1.0218,0.9837,1.0092,39241767.2
2024-12-10 22:00:00,1.0093,1.0188,0.9992,1.0143,13907254.5
2024-12-10 23:00:00,1.0143,1.0284,1.0131,1.0215,15816785.3
2024-12-11 00:00:00,1.0215,1.0247,0.9914,1.0006,16504255.2
2024-12-11 01:00:00,1.0005,1.0014,0.9718,0.9751,19243674.1
2024-12-11 02:00:00,0.9752,1.0149,0.9738,1.0097,12711521.5
2024-12-11 03:00:00,1.0094,1.019,1.008,1.0108,8357550.6
2024-12-11 04:00:00,1.011,1.0176,1.0065,1.0156,7038266.5
2024-12-11 05:00:00,1.0157,1.0197,1.0038,1.0123,7158210.7
2024-12-11 06:00:00,1.0122,1.0174,1.008,1.0106,6451463.8
2024-12-11 07:00:00,1.0106,1.0151,0.994,0.9953,10715497.3
2024-12-11 08:00:00,0.9955,1.0267,0.995,1.0193,13327303.8
2024-12-11 09:00:00,1.0194,1.021,1.0084,1.0173,10670725.3
2024-12-11 10:00:00,1.0171,1.0243,1.0126,1.0228,8581926.7
2024-12-11 11:00:00,1.0227,1.0335,1.0187,1.0237,10388438.6
2024-12-11 12:00:00,1.0237,1.0779,1.0234,1.0649,43373662.6
2024-12-11 13:00:00,1.065,1.0961,1.0622,1.0829,42642879.5
2024-12-11 14:00:00,1.0828,1.0929,1.0718,1.0885,20510215.6
2024-12-11 15:00:00,1.0886,1.115,1.0831,1.0945,40863712.7
2024-12-11 16:00:00,1.0945,1.1018,1.0752,1.0832,23599921.8
2024-12-11 17:00:00,1.0832,1.0885,1.0711,1.0731,15096790.1
2024-12-11 18:00:00,1.0731,1.0825,1.0698,1.0781,14297942.9
2024-12-11 19:00:00,1.0781,1.0831,1.0764,1.0813,6086755.1
2024-12-11 20:00:00,1.0814,1.0896,1.0795,1.0815,8497985.1
2024-12-11 21:00:00,1.0815,1.0862,1.0764,1.0858,4557255.5
2024-12-11 22:00:00,1.0857,1.0953,1.0852,1.0909,5001314.3
2024-12-11 23:00:00,1.0908,1.0979,1.086,1.0868,6273107.0
2024-12-12 00:00:00,1.0869,1.0889,1.0728,1.079,4920935.1
2024-12-12 01:00:00,1.0791,1.0913,1.0746,1.0804,5223759.9
2024-12-12 02:00:00,1.0804,1.1194,1.0799,1.1183,13362793.0
2024-12-12 03:00:00,1.1184,1.1394,1.1109,1.1309,24732846.0
2024-12-12 04:00:00,1.1309,1.1584,1.1288,1.1446,26717071.4
2024-12-12 05:00:00,1.1447,1.179,1.1386,1.1719,26087149.4
2024-12-12 06:00:00,1.1719,1.1819,1.1517,1.1645,19158784.7
2024-12-12 07:00:00,1.1645,1.1704,1.1556,1.1575,11645109.1
2024-12-12 08:00:00,1.1576,1.1789,1.1576,1.1658,14226315.6
2024-12-12 09:00:00,1.1658,1.174,1.1519,1.1557,8526938.5
2024-12-12 10:00:00,1.1558,1.1572,1.1405,1.146,13414146.0
2024-12-12 11:00:00,1.146,1.1474,1.1308,1.1405,14590312.6
2024-12-12 12:00:00,1.1404,1.1554,1.1371,1.1531,9684743.7
2024-12-12 13:00:00,1.1531,1.1604,1.1263,1.1356,25693287.5
2024-12-12 14:00:00,1.1355,1.1459,1.1271,1.1438,13573135.2
2024-12-12 15:00:00,1.1436,1.1463,1.119,1.1381,16823541.0
2024-12-12 16:00:00,1.1384,1.1533,1.1314,1.1402,11575955.5
2024-12-12 17:00:00,1.1401,1.1492,1.1349,1.1464,5387989.1
2024-12-12 18:00:00,1.1463,1.155,1.1391,1.1469,8216120.0
2024-12-12 19:00:00,1.1468,1.1546,1.105,1.108,30804239.3
2024-12-12 20:00:00,1.108,1.1336,1.1073,1.1313,12948409.8
2024-12-12 21:00:00,1.1314,1.1379,1.1212,1.1264,6292767.6
2024-12-12 22:00:00,1.1265,1.1271,1.1057,1.1162,9269391.4
2024-12-12 23:00:00,1.1163,1.1267,1.1144,1.1231,5140089.2
2024-12-13 00:00:00,1.1231,1.1308,1.1163,1.1177,5558077.1
2024-12-13 01:00:00,1.1177,1.1181,1.0917,1.1036,12783190.4
2024-12-13 02:00:00,1.1037,1.1213,1.1021,1.1111,7147418.0
2024-12-13 03:00:00,1.111,1.1156,1.1063,1.1076,3639506.8
2024-12-13 04:00:00,1.1075,1.1101,1.0933,1.1006,5634527.0
2024-12-13 05:00:00,1.1007,1.1073,1.0964,1.0995,3780537.5
2024-12-13 06:00:00,1.0996,1.1051,1.0855,1.0856,6782019.3
2024-12-13 07:00:00,1.0856,1.0941,1.0774,1.0886,11342323.6
2024-12-13 08:00:00,1.0886,1.0988,1.085,1.0957,5273695.1
2024-12-13 09:00:00,1.0957,1.0985,1.0846,1.091,4704020.9
2024-12-13 10:00:00,1.0911,1.101,1.081,1.1004,5305966.7
2024-12-13 11:00:00,1.1005,1.108,1.0945,1.0947,7553077.2
2024-12-13 12:00:00,1.0947,1.116,1.0947,1.1106,9960279.2
2024-12-13 13:00:00,1.1107,1.1124,1.0972,1.106,5285843.5
2024-12-13 14:00:00,1.106,1.1182,1.1028,1.1174,10245988.2
2024-12-13 15:00:00,1.1174,1.13,1.0822,1.0842,21192741.7
2024-12-13 16:00:00,1.0842,1.1124,1.0807,1.1,18239241.4
2024-12-13 17:00:00,1.1,1.1104,1.0956,1.1041,7504566.1
2024-12-13 18:00:00,1.104,1.1048,1.0932,1.0955,5636521.6
2024-12-13 19:00:00,1.0956,1.1055,1.0946,1.1035,3649944.9
2024-12-13 20:00:00,1.1035,1.1192,1.102,1.118,5437168.3
2024-12-13 21:00:00,1.1181,1.1209,1.109,1.1095,5850198.3
2024-12-13 22:00:00,1.1097,1.1107,1.1001,1.107,3915468.9
2024-12-13 23:00:00,1.1071,1.1224,1.1049,1.1213,3873846.0
2024-12-14 00:00:00,1.1213,1.1258,1.117,1.1256,2442644.6
